ID	A	C	G	T	is_ref
AP023375.1	394	341	485	320	False
CP053802.1	398	345	488	322	False
CP040172.1	397	343	487	322	False
CP090387.1	396	342	485	320	False
CP007634.1	397	343	487	322	False
CP024867.1	391	339	486	316	False
CP013301.1	391	339	486	316	False
CP013014.1	393	342	488	317	False
LT992490.1	390	339	486	316	False
CP053810.1	397	344	487	321	False
AP023385.1	393	342	486	319	False
CP072847.1	395	341	487	321	False
CP016324.1	397	343	488	323	False
CP012667.1	397	343	487	323	False
AE003852.1	391	341	485	318	False
CP013309.1	391	339	486	316	False
AP018677.1	392	341	487	320	False
AP023369.1	392	341	487	320	False
CP033515.1	397	343	488	322	False
CP003069.1	391	339	485	316	False
CP001485.1	392	341	486	318	False
LT992488.1	391	339	486	316	False
CP000627.1	392	341	484	318	False
CP053796.1	398	342	486	323	False
AP023383.1	394	341	486	319	False
CP053804.1	398	345	488	322	False
CP001233.1	391	342	485	317	False
CP042299.1	397	344	487	321	False
CP012998.1	393	342	488	317	False
CP053800.1	399	345	487	322	False
AP023379.1	393	342	487	318	False
CP053808.1	398	344	488	323	False
CP013303.1	391	339	486	316	False
CP028894.1	393	341	487	320	False
CP047301.1	397	343	488	322	False
LT897797.1	393	338	484	316	False
AP023331.1	393	342	486	319	False
CP053816.1	398	342	486	323	False
CP047297.1	397	343	488	322	False
CP043554.1	399	345	488	321	True
CP013307.1	391	340	485	315	False
CP028827.1	393	341	487	320	False
CP036499.1	398	344	488	323	False
CP053813.1	397	344	487	321	False
CP009042.1	397	344	488	322	False
CP013315.1	391	339	486	316	False
CP024082.1	395	340	482	319	False
CP053798.1	400	343	487	323	False
CP045719.1	398	343	486	322	False
AP023377.1	396	339	484	321	False
AP023371.1	393	342	486	319	False
CP053806.1	399	343	488	323	False
CP047295.1	397	343	488	322	False
CP006947.1	372	315	439	298	False
AP023373.1	393	342	486	319	False
CP028892.1	394	341	485	320	False
CP072849.1	395	341	487	321	False
CP053794.1	399	343	487	324	False
AP023381.1	393	342	486	319	False
CP001235.1	392	342	485	317	False
CP024162.1	397	343	487	323	False
CP047299.1	397	343	488	322	False
CP013305.1	391	339	486	316	False
CP043557.1	398	343	486	322	False
CP047059.1	397	343	487	322	False
AP014524.1	392	341	484	318	False
CP053822.1	398	342	486	323	False
CP013319.1	391	339	486	316	False
CP013311.1	391	339	485	316	False
CP047303.1	397	343	488	322	False
CP026647.1	397	343	487	322	False
CP053820.1	398	342	486	323	False
AP024967.1	392	342	486	319	False
CP013313.1	391	339	485	316	False
CP013317.1	391	339	486	316	False
CP064350.1	395	342	486	320	False
LT992492.1	391	339	486	316	False
CP020408.2	397	343	488	322	False
CP047305.1	397	343	487	322	False
CP010811.1	392	340	485	314	False
CP090399.1	395	342	487	320	False
CP077197.1	395	342	486	320	False
CP053744.1	403	342	484	324	False
CP016987.1	393	341	484	318	False
CP025936.1	397	343	488	322	False
CP010812.1	393	338	483	320	False
CP003330.1	396	342	486	320	False
LT992486.1	391	339	486	316	False
